{
    "$schema": "https://schema.management.azure.com/schemas/2015-01-01/deploymentParameters.json#",
    "contentVersion": "1.0.0.0",
    "parameters": {
        "virtualMachines_VMRand_name": {
            "value": null
        },
        "publicIPAddresses_VMRand_ip_name": {
            "value": null
        },
        "virtualNetworks_VMRand_vnet_name": {
            "value": null
        },
        "networkInterfaces_vmrand303_z1_name": {
            "value": null
        },
        "privateEndpoints_Privatestorage_name": {
            "value": null
        },
        "networkSecurityGroups_VMRand_nsg_name": {
            "value": null
        },
        "storageAccounts_randimagecontent_name": {
            "value": null
        },
        "privateDnsZones_privatelink_blob_core_windows_net_name": {
            "value": null
        }
    }
}